store_no,customers_unique,Store Name,Address
400,1926,,
291,1732,,
290,1557,,
403,1531,,
404,1506,,
402,1423,,
405,1304,,
401,1181,,
40569,1162,Union Station - Food Court,
260,1064,,
407,979,,
406,849,,
40568,784,Union Station - Concourse,
5898,723,McCowan and Hwy 7,
40346,715,Eaton Centre Food Court,
23626,701,Sherway North,
297,697,,
8938,695,,
11787,687,Hwy 7 and Warden,
40675,680,Kennedy Commons,
14740,653,Whitby 1301 Brock St,
3677,652,1280 Markham Rd,
1484,647,Whitby 1615 Dundas St,
8888,635,,
8078,633,,
22566,600,,
23469,593,,
16637,592,,
8874,584,,
40505,578,,
8336,576,,
29010,547,,
250,547,,
6365,547,,
40208,546,,
7178,545,,
40494,542,,
18998,539,,
8939,534,,
14533,527,,
23919,526,,
11764,519,,
10508,513,,
40311,512,,
40573,508,,
11057,508,,
11274,505,,
3313,503,,
8674,491,,
4397,491,,
40057,483,,
26020,481,,
18463,479,,
29133,475,,
2249,474,,
8356,471,,
19052,471,,
4982,471,,
1191,471,,
40764,468,,
40024,461,,
4981,459,,
29127,459,,
1860,458,,
4718,455,,
40437,455,,
40117,454,,
40433,452,,
4501,450,,
29005,449,,
8794,448,,
8286,447,,
3729,447,,
40008,445,,
8446,444,,
1198,444,,
8728,442,,
12092,438,,
10988,437,,
12158,436,,
11226,436,,
29128,430,,
8008,428,,
25012,428,,
40334,428,,
40448,425,,
40359,422,Yonge and Sheppard,
10429,420,,
7565,420,,
29076,420,,
40503,419,,
14146,418,,
40403,418,,
40108,417,,
29111,417,,
6974,417,,
8341,416,,
40335,416,,
9410,410,,
8159,409,,
2128,408,,
29084,408,,
23651,408,,
6478,407,,
214,407,,
29724,407,,
8108,406,,
9527,405,,
4916,405,,
2818,404,,
26060,403,,
40391,401,,
10105,400,,
40732,399,,
10188,397,,
40206,396,,
4318,396,,
8209,395,,
8751,393,,
4130,393,,
8837,391,,
3870,390,,
2631,388,,
40122,387,,
8213,386,,
40418,384,,
29704,383,,
40254,382,,
1562,382,,
408,380,,
1501,378,,
8766,378,,
40397,378,,
1245,377,,
40449,377,,
10609,374,,
40251,374,,
23430,373,,
29161,373,,
1320,372,,
40777,372,,
6560,370,,
10477,369,,
29073,368,,
1326,368,,
2138,368,,
1777,367,,
9216,367,,
5772,366,,
11848,365,,
1808,365,,
40109,365,,
11507,364,,
1197,364,,
40587,363,,
4190,363,,
40289,362,,
40222,362,,
9114,361,,
23173,361,,
20668,359,,
12164,359,,
12270,358,,
19068,358,,
40656,358,,
40713,357,,
40729,357,,
11428,356,,
40589,355,,
40210,355,,
1663,355,,
40747,355,,
8930,354,,
23192,354,,
8067,353,,
10306,353,,
10702,352,,
12165,352,,
40367,352,,
29075,351,,
4129,351,,
4659,351,,
7403,351,,
14879,350,,
29017,348,,
3800,348,,
5262,346,,
11257,346,,
18059,346,,
5676,345,,
26050,345,,
40204,345,,
10888,345,,
40013,343,,
1196,343,,
19785,343,,
121,343,,
21873,343,,
21612,343,,
40383,342,,
29113,342,,
40507,340,,
40677,339,,
1690,336,,
26061,336,,
40580,335,,
7094,335,,
3627,335,,
40131,333,,
119,333,,
9567,333,,
14398,332,,
40097,331,,
2622,330,,
29719,330,,
40292,329,,
40700,329,,
29130,328,,
8053,328,,
3914,327,,
1689,326,,
29164,326,,
29132,326,,
2245,325,,
166,325,,
40452,324,,
8185,323,,
40045,323,,
1188,321,,
9219,320,,
1974,320,,
3916,320,,
23918,319,,
10875,319,,
12721,319,,
40065,319,,
6617,319,,
40037,318,,
40340,318,,
9488,318,,
29156,317,,
8898,316,,
26031,316,,
5096,316,,
1765,315,,
9042,314,,
29726,313,,
8346,313,,
7518,312,,
5652,312,,
40431,312,,
148,311,,
9554,311,,
9425,311,,
5179,311,,
11501,311,,
40581,310,,
5372,310,,
5363,309,,
17515,309,,
25013,309,,
29162,309,,
5080,306,,
10703,306,,
1646,305,,
21038,304,,
29110,304,,
8434,303,,
8583,303,,
8973,303,,
23914,302,,
1333,302,,
40476,302,,
40073,301,,
8009,301,,
5765,301,,
9529,301,,
10889,301,,
10935,300,,
11907,300,,
4503,300,,
25002,300,,
5382,299,,
4178,298,,
9099,298,,
9319,297,,
26058,297,,
40281,296,,
8071,296,,
4954,295,,
21422,295,,
5260,295,,
23431,295,,
40017,294,,
4614,294,,
6541,294,,
10884,293,,
7260,293,,
3604,293,,
29080,293,,
29068,290,,
1977,290,,
29715,289,,
41120,289,,
16639,289,,
9039,289,,
40579,289,,
40038,288,,
23922,288,,
2129,288,,
23251,288,,
5139,288,,
14535,287,,
3254,286,,
40047,286,,
3586,286,,
5483,286,,
23907,286,,
26055,286,,
1975,285,,
40571,285,,
4559,285,,
1187,285,,
40554,285,,
19198,284,,
20670,284,,
40837,284,,
9193,284,,
40220,283,,
40227,283,,
239,282,,
8368,282,,
5860,282,,
1617,281,,
21454,281,,
10793,281,,
25032,281,,
40537,281,,
2135,280,,
40348,280,,
12050,280,,
2244,279,,
21433,279,,
11313,279,,
1449,279,,
29093,279,,
8823,278,,
29066,277,,
8867,277,,
498,277,,
26129,276,,
11476,275,,
20796,275,,
11590,274,,
2445,274,,
26052,274,,
29141,273,,
40071,273,,
10430,273,,
17500,273,,
5409,273,,
29186,273,,
40014,272,,
8616,272,,
3141,272,,
40330,271,,
40413,271,,
3847,271,,
40354,271,,
8205,270,,
40269,270,,
5968,269,,
22357,268,,
2584,267,,
40795,267,,
231,267,,
1832,266,,
11030,266,,
40440,266,,
7957,266,,
4894,266,,
26056,265,,
2220,265,,
40082,264,,
9287,264,,
26010,264,,
4203,264,,
224,264,,
9158,264,,
14203,263,,
40453,263,,
29117,263,,
2719,262,,
40268,262,,
29014,262,,
7666,262,,
40610,262,,
40168,262,,
9079,262,,
5303,261,,
5970,261,,
5220,260,,
40072,260,,
9505,259,,
23193,259,,
10007,258,,
4040,258,,
40469,258,,
26030,257,,
234,257,,
40760,257,,
4671,256,,
40690,256,,
3582,256,,
8075,256,,
9048,255,,
40031,255,,
9308,255,,
8982,254,,
5355,254,,
17159,252,,
2140,252,,
29107,252,,
40299,252,,
21808,251,,
11987,251,,
40629,251,,
18127,250,,
13277,250,,
29708,250,,
893,250,,
40058,250,,
40050,250,,
29011,249,,
10093,249,,
40392,249,,
8639,249,,
7186,248,,
2386,248,,
10580,248,,
40606,248,,
7626,247,,
14869,247,,
23911,247,,
41108,246,,
14494,246,,
6322,245,,
40412,245,,
15624,245,,
40005,245,,
8637,245,,
# 1809,244,,
29177,244,,
40022,244,,
29143,243,,
3992,243,,
40771,243,,
26054,242,,
4317,242,,
8638,242,,
29176,241,,
25004,241,,
29108,241,,
40651,241,,
26008,241,,
29016,241,,
12016,241,,
40450,241,,
1558,240,,
29115,240,,
6479,238,,
1269,238,,
40416,238,,
10078,238,,
21679,237,,
29038,237,,
21548,237,,
12166,236,,
12310,236,,
2591,236,,
40273,235,,
40698,235,,
29102,234,,
2632,234,,
5550,234,,
13588,233,,
8039,233,,
6194,233,,
40623,233,,
9171,232,,
40021,232,,
29722,232,,
40553,232,,
40427,232,,
6163,232,,
29717,232,,
40043,230,,
29159,230,,
3581,230,,
40308,230,,
8640,230,,
1254,230,,
18739,230,,
9037,229,,
3807,228,,
10696,228,,
8399,228,,
40279,227,,
40574,227,,
40016,227,,
7600,226,,
40396,226,,
18461,226,,
1563,226,,
2146,226,,
40039,225,,
7956,225,,
40779,225,,
3989,225,,
10867,225,,
12224,225,,
16638,224,,
40513,224,,
12418,224,,
8886,224,,
40179,224,,
40902,224,,
16636,223,,
9473,223,,
11104,223,,
40135,223,,
22857,223,,
29048,222,,
11908,222,,
40329,222,,
1516,222,,
12135,222,,
40694,221,,
21423,221,,
29106,221,,
190,221,,
11928,221,,
40215,221,,
8606,220,,
14804,220,,
9510,220,,
10127,220,,
2296,220,,
15611,219,,
3211,219,,
16129,219,,
5079,219,,
40023,219,,
11019,218,,
20703,218,,
2139,218,,
7027,217,,
40328,217,,
3226,217,,
9455,217,,
40011,215,,
14534,215,,
3730,215,,
8868,215,,
29078,214,,
7795,214,,
13357,214,,
40010,214,,
5634,214,,
8865,213,,
2784,213,,
2314,213,,
10349,212,,
29709,212,,
4389,212,,
108,212,,
21611,212,,
12362,211,,
10494,211,,
12417,211,,
5841,211,,
3312,211,,
40321,211,,
4506,211,,
107,211,,
9115,211,,
29716,210,,
22743,210,,
21444,210,,
1647,210,,
40828,209,,
6722,209,,
29097,209,,
13763,209,,
8250,209,,
40064,209,,
25010,209,,
6605,209,,
40467,209,,
19580,208,,
18239,208,,
29051,208,,
9040,208,,
40800,208,,
3548,207,,
11942,206,,
40175,206,,
40020,206,,
40432,205,,
8020,205,,
26005,205,,
25020,204,,
2546,204,,
807,204,,
18898,204,,
40417,204,,
29148,204,,
40323,204,,
26053,203,,
25014,203,,
13687,203,,
40247,203,,
5113,203,,
22716,202,,
197,202,,
29092,202,,
10216,202,,
20074,201,,
26011,201,,
22390,201,,
26038,201,,
14880,200,,
7226,200,,
4248,200,,
12136,199,,
22722,199,,
8249,199,,
40001,199,,
16352,199,,
29094,199,,
40483,198,,
7734,198,,
20785,197,,
11135,197,,
3111,197,,
40174,197,,
40518,197,,
20437,196,,
29121,196,,
101,196,,
40325,195,,
8636,195,,
40,195,,
40257,195,,
6721,195,,
16389,194,,
15853,194,,
10947,194,,
6157,193,,
4672,193,,
20911,193,,
225,192,,
40706,192,,
15764,192,,
6911,192,,
16711,192,,
14909,192,,
40426,191,,
2346,191,,
40351,191,,
40059,191,,
40474,191,,
40455,191,,
5857,190,,
16712,190,,
11147,190,,
16553,190,,
22109,190,,
2252,190,,
29040,189,,
40298,189,,
6510,188,,
26003,187,,
40295,187,,
10116,187,,
5419,187,,
40306,187,,
40429,187,,
4615,186,,
11285,186,,
1651,186,,
9092,186,,
2379,186,,
9185,186,,
5261,186,,
40244,186,,
9579,186,,
19000,185,,
9194,185,,
21445,185,,
2589,185,,
40030,185,,
29706,185,,
7177,185,,
4895,185,,
4384,185,,
22077,185,,
29098,185,,
110,185,,
7008,185,,
29703,184,,
40272,184,,
11760,184,,
4893,184,,
213,184,,
23439,184,,
23729,183,,
8866,183,,
29122,183,,
40463,183,,
15128,182,,
6066,182,,
236,182,,
112,182,,
18716,182,,
29711,182,,
40042,182,,
180,181,,
29083,181,,
29182,181,,
29022,181,,
40322,181,,
40734,181,,
9071,180,,
4132,180,,
9049,180,,
145,179,,
3938,179,,
29030,179,,
6167,179,,
10669,178,,
2137,178,,
132,178,,
5465,177,,
18999,177,,
10417,177,,
19367,177,,
13041,176,,
6239,176,,
26004,176,,
40096,176,,
8800,176,,
7265,175,,
40784,175,,
40411,175,,
40886,175,,
22209,175,,
8808,175,,
29082,174,,
8869,174,,
40266,174,,
7536,174,,
26044,174,,
29101,173,,
5707,173,,
29062,173,,
29151,173,,
5833,173,,
22565,173,,
29712,172,,
3057,172,,
40515,172,,
40487,172,,
5718,172,,
40761,171,,
29002,171,,
29074,171,,
10312,171,,
9065,171,,
22833,171,,
149,170,,
29091,170,,
6271,170,,
15920,170,,
40601,170,,
29120,170,,
26035,170,,
29112,170,,
29167,169,,
5263,169,,
4365,169,,
2544,169,,
3859,169,,
8873,168,,
10775,168,,
40393,168,,
1334,168,,
29079,167,,
888,167,,
40626,167,,
13846,167,,
29166,167,,
40255,167,,
10186,166,,
19237,166,,
19004,165,,
16902,165,,
29090,165,,
40420,165,,
7031,165,,
40284,165,,
5542,165,,
13078,164,,
106,164,,
18462,164,,
1336,164,,
2883,164,,
29086,164,,
14908,163,,
40081,163,,
29006,162,,
206,162,,
29185,161,,
40003,161,,
29732,161,,
8367,161,,
6815,161,,
3662,160,,
6741,160,,
8038,159,,
29713,159,,
5484,159,,
40768,159,,
21420,159,,
4196,159,,
21761,158,,
21520,158,,
29184,158,,
5172,158,,
21872,158,,
10504,158,,
10581,157,,
40111,157,,
2732,157,,
2685,157,,
40116,157,,
5963,157,,
26027,157,,
795,157,,
40162,157,,
2248,157,,
2246,157,,
40810,157,,
8244,156,,
104,156,,
40276,156,,
40290,156,,
40318,156,,
40049,155,,
40524,155,,
26046,155,,
40256,155,,
6364,155,,
40127,155,,
40337,155,,
7958,155,,
17867,154,,
40212,154,,
40018,154,,
10426,154,,
117,154,,
5869,154,,
17855,154,,
40075,154,,
40085,153,,
40226,153,,
40133,153,,
8083,153,,
3642,153,,
6587,153,,
12269,153,,
40054,152,,
18285,152,,
122,152,,
40353,152,,
40344,152,,
22320,152,,
9052,152,,
22946,151,,
10079,151,,
2143,151,,
22053,151,,
29718,151,,
7339,151,,
40522,151,,
29725,150,,
19072,150,,
40477,150,,
40613,150,,
23162,150,,
40517,150,,
40270,150,,
8988,149,,
40283,149,,
5133,149,,
8037,148,,
3419,148,,
4760,148,,
40745,148,,
8914,148,,
12148,148,,
10727,147,,
40265,147,,
23250,146,,
6004,146,,
13612,146,,
5717,146,,
26033,145,,
40479,145,,
40077,145,,
2488,145,,
40460,145,,
23921,145,,
40634,145,,
40370,144,,
40025,144,,
26018,144,,
3939,144,,
29187,144,,
118,144,,
11051,144,,
40609,144,,
29003,144,,
40053,143,,
6272,143,,
5549,143,,
526,143,,
19170,143,,
156,143,,
4383,143,,
40180,142,,
40094,142,,
40166,142,,
14915,142,,
2587,142,,
25035,142,,
8495,141,,
40132,141,,
40237,141,,
40223,141,,
10630,141,,
115,141,,
23916,141,,
40113,140,,
12392,140,,
40006,140,,
4062,140,,
3328,140,,
40060,140,,
2695,140,,
3472,139,,
12155,139,,
25030,139,,
19066,139,,
904,138,,
22029,138,,
40089,138,,
23160,138,,
3727,137,,
20438,137,,
40327,136,,
23799,136,,
8041,136,,
29032,136,,
40525,136,,
7157,136,,
21419,136,,
411,136,,
120,136,,
40169,136,,
40342,135,,
10284,135,,
419,135,,
25001,135,,
820,135,,
40366,135,,
10005,135,,
29139,134,,
26026,134,,
4983,134,,
25031,134,,
40389,134,,
14917,134,,
40078,134,,
5095,134,,
25017,133,,
6618,133,,
167,133,,
29020,133,,
19419,132,,
29055,132,,
40481,132,,
40836,132,,
40026,132,,
3105,132,,
29033,132,,
717,131,,
12615,131,,
886,131,,
40831,131,,
40565,131,,
40838,131,,
40703,131,,
29114,131,,
810,131,,
1787,130,,
40472,130,,
8109,130,,
4069,130,,
40068,130,,
6618,129,,
21759,129,,
16388,129,,
6811,129,,
40545,129,,
40716,128,,
23385,128,,
40147,128,,
21424,128,,
40714,128,,
40309,128,,
10991,128,,
14929,127,,
40125,127,,
40225,127,,
22248,127,,
184,127,,
29050,127,,
147,127,,
29015,127,,
40163,127,,
7760,126,,
189,126,,
40052,126,,
4192,126,,
22249,125,,
15801,125,,
6586,125,,
40326,125,,
40069,125,,
10652,125,,
40398,125,,
40167,125,,
40523,125,,
5371,125,,
17854,124,,
40893,124,,
12115,124,,
100,124,,
12250,124,,
40076,124,,
29705,124,,
8788,124,,
40067,124,,
40454,124,,
18449,123,,
18646,123,,
19236,123,,
40785,123,,
40271,123,,
2247,123,,
40670,122,,
29096,122,,
887,122,,
5664,122,,
40221,122,,
26037,122,,
40315,122,,
40118,122,,
647,121,,
3106,121,,
29147,121,,
40667,121,,
40371,121,,
216,120,,
29034,120,,
834,120,,
40385,120,,
21714,120,,
41113,119,,
952,119,,
124,119,,
7735,119,,
109,119,,
133,118,,
431,118,,
22980,118,,
103,118,,
114,118,,
6834,118,,
40086,118,,
16130,117,,
26000,117,,
29169,117,,
40599,117,,
40701,117,,
40343,116,,
10821,116,,
40150,116,,
391,116,,
16718,116,,
20919,116,,
26034,115,,
3127,115,,
222,115,,
7504,115,,
367,115,,
331,115,,
25019,114,,
5464,114,,
29136,114,,
40401,114,,
40153,114,,
29180,114,,
800,114,,
25022,113,,
40830,113,,
5449,113,,
7979,113,,
258,113,,
358,113,,
40643,113,,
29723,113,,
29138,113,,
8231,113,,
7885,113,,
4223,113,,
263,112,,
40305,112,,
8802,112,,
40218,112,,
25034,112,,
161,112,,
2635,111,,
40369,111,,
863,111,,
207,111,,
8199,111,,
4601,111,,
19001,111,,
40341,111,,
6261,111,,
16719,111,,
40372,110,,
29000,110,,
40036,110,,
29173,110,,
29109,110,,
18240,110,,
29730,110,,
6136,109,,
2964,109,,
636,109,,
40219,109,,
10278,109,,
29077,109,,
17234,108,,
1,108,,
3904,108,,
40114,108,,
40009,108,,
6833,108,,
29100,108,,
3329,108,,
40288,108,,
40156,107,,
7272,107,,
10595,107,,
40172,107,,
40521,107,,
40316,106,,
8443,106,,
40816,105,,
7123,105,,
29044,105,,
471,105,,
16128,105,,
218,105,,
40338,105,,
450,105,,
891,105,,
14910,105,,
40319,104,,
14916,104,,
22544,104,,
186,104,,
29150,104,,
40614,104,,
40653,104,,
3728,104,,
8328,103,,
11775,103,,
872,103,,
40314,103,,
40148,103,,
40092,103,,
29027,103,,
212,103,,
40486,103,,
29721,102,,
164,102,,
372,102,,
1251,102,,
40293,102,,
22998,102,,
165,102,,
40812,101,,
40380,101,,
29045,101,,
16713,101,,
40233,101,,
40331,101,,
26019,100,,
6628,100,,
40387,100,,
40061,100,,
40491,100,,
4719,100,,
12223,100,,
40235,100,,
18947,100,,
8949,100,,
40907,99,,
567,99,,
29036,99,,
40124,99,,
105,99,,
40286,99,,
6690,99,,
29134,99,,
40352,99,,
22512,98,,
40264,98,,
228,98,,
921,98,,
40087,98,,
26022,98,,
11356,98,,
21834,98,,
4984,97,,
5144,97,,
40468,97,,
111,96,,
898,96,,
229,96,,
40475,96,,
40718,96,,
29152,96,,
4398,96,,
16531,96,,
20684,96,,
548,96,,
23293,96,,
232,95,,
9242,95,,
40066,95,,
22028,95,,
40185,95,,
465,95,,
413,95,,
10004,94,,
40130,94,,
40533,94,,
12984,94,,
26041,93,,
29701,93,,
2705,93,,
22054,93,,
26021,93,,
158,93,,
19207,93,,
227,93,,
16715,92,,
237,92,,
29131,92,,
26042,92,,
23155,92,,
29021,92,,
40820,92,,
6222,92,,
40007,92,,
537,91,,
18873,91,,
40402,91,,
40137,91,,
40285,91,,
40070,91,,
8785,90,,
169,90,,
40336,90,,
40806,90,,
4676,90,,
40313,90,,
26017,89,,
26024,89,,
5482,89,,
5304,89,,
40277,89,,
4986,89,,
11140,89,,
6607,89,,
5264,88,,
29028,88,,
13766,88,,
10154,88,,
22885,88,,
40083,88,,
40278,88,,
10820,88,,
11425,88,,
835,87,,
40119,87,,
5336,87,,
491,87,,
878,87,,
40320,87,,
1050,86,,
836,86,,
11258,86,,
14787,86,,
40575,86,,
10860,86,,
40446,86,,
29031,86,,
380,86,,
911,86,,
919,86,,
123,85,,
26009,85,,
254,85,,
15854,85,,
41137,85,,
102,85,,
223,85,,
14941,85,,
824,85,,
596,85,,
12013,84,,
4463,84,,
2545,84,,
40176,84,,
40120,84,,
412,83,,
29001,83,,
40399,83,,
29064,83,,
833,83,,
40181,83,,
909,82,,
941,82,,
2588,82,,
23,82,,
137,81,,
517,81,,
29043,81,,
40459,81,,
15956,81,,
439,81,,
16573,81,,
903,81,,
220,80,,
40773,80,,
40186,80,,
40035,80,,
25006,80,,
9426,80,,
40188,80,,
150,80,,
40749,80,,
616,80,,
40195,79,,
4466,79,,
5178,79,,
29731,79,,
40759,79,,
16405,79,,
29009,79,,
40002,79,,
40161,79,,
726,78,,
40203,78,,
29104,78,,
2673,77,,
40209,77,,
40217,77,,
6331,77,,
461,77,,
565,77,,
10089,76,,
40200,76,,
40213,76,,
530,76,,
8989,76,,
18448,76,,
467,76,,
41112,76,,
25029,76,,
29123,76,,
907,76,,
29149,76,,
40715,76,,
4033,76,,
409,75,,
40390,75,,
823,75,,
13786,75,,
10418,75,,
7978,75,,
18849,74,,
182,74,,
29144,74,,
40484,74,,
4967,74,,
40098,74,,
10480,73,,
144,73,,
8784,73,,
271,73,,
40304,73,,
26007,73,,
40692,73,,
40567,73,,
40157,73,,
29035,73,,
40347,73,,
821,73,,
14918,72,,
40857,72,,
815,72,,
26049,72,,
40751,72,,
3442,72,,
12592,72,,
13761,72,,
40647,72,,
40229,71,,
40029,71,,
26040,71,,
1903,71,,
867,71,,
875,71,,
29714,71,,
627,71,,
438,70,,
40358,70,,
40262,70,,
25021,70,,
15471,70,,
844,70,,
40386,70,,
5221,70,,
281,70,,
2145,70,,
19369,70,,
25023,70,,
29103,70,,
14739,69,,
1185,69,,
29118,69,,
40258,69,,
672,69,,
8919,69,,
5655,68,,
661,68,,
40241,68,,
29129,68,,
178,68,,
40297,68,,
513,68,,
40170,68,,
8620,68,,
948,67,,
215,67,,
40833,67,,
21926,67,,
4131,67,,
6002,67,,
20669,66,,
40004,66,,
40294,66,,
168,66,,
40683,66,,
40280,66,,
40243,66,,
15823,66,,
1436,66,,
489,65,,
8235,65,,
40207,65,,
29168,65,,
163,65,,
187,65,,
40839,65,,
40793,65,,
40307,64,,
756,64,,
40214,64,,
656,64,,
11315,64,,
879,64,,
29067,64,,
14830,64,,
40095,63,,
40154,63,,
4465,63,,
931,63,,
26043,63,,
29142,63,,
6659,63,,
12467,63,,
740,62,,
40608,62,,
40296,62,,
3871,61,,
40282,61,,
141,61,,
20920,61,,
5222,61,,
880,61,,
362,61,,
681,61,,
7646,61,,
22471,61,,
209,60,,
18243,60,,
10454,60,,
40084,60,,
803,60,,
175,60,,
40632,60,,
360,60,,
40400,59,,
7537,59,,
151,59,,
26015,59,,
188,59,,
17499,59,,
204,59,,
577,59,,
40456,59,,
5219,58,,
889,58,,
40033,58,,
84,58,,
136,58,,
40230,58,,
1193,58,,
29126,58,,
10695,57,,
25003,57,,
4651,57,,
29023,57,,
40143,57,,
183,57,,
262,57,,
40555,56,,
261,56,,
6252,56,,
314,56,,
20524,56,,
6270,56,,
29165,56,,
40080,56,,
535,56,,
751,56,,
142,56,,
23485,56,,
12322,56,,
10042,55,,
14857,55,,
40110,55,,
40027,55,,
40786,55,,
238,55,,
8621,54,,
3676,54,,
40424,54,,
21802,54,,
244,54,,
818,54,,
40259,54,,
40520,53,,
23800,53,,
210,53,,
143,53,,
40843,53,,
654,53,,
23920,53,,
12251,53,,
632,53,,
546,52,,
159,52,,
40859,52,,
40245,52,,
40349,52,,
455,52,,
9525,52,,
819,52,,
2136,52,,
126,52,,
192,51,,
538,51,,
26032,51,,
176,51,,
10305,51,,
193,51,,
10731,50,,
955,50,,
22660,50,,
697,50,,
5025,50,,
40246,50,,
29188,50,,
310,50,,
40528,50,,
40408,50,,
40104,50,,
828,50,,
928,50,,
29085,50,,
858,49,,
40478,49,,
195,49,,
29707,48,,
22497,48,,
4462,48,,
861,48,,
555,48,,
26059,48,,
393,48,,
6262,48,,
40394,48,,
417,48,,
862,48,,
40753,47,,
26013,47,,
29059,47,,
1809,47,,
495,47,,
29057,46,,
709,46,,
29153,46,,
718,46,,
660,46,,
191,46,,
177,46,,
40873,45,,
4616,45,,
40107,45,,
25033,45,,
843,45,,
619,45,,
576,45,,
22821,45,,
540,45,,
40350,45,,
39,45,,
387,45,,
113,45,,
773,45,,
40817,44,,
29181,44,,
6620,44,,
570,44,,
876,44,,
29013,44,,
4915,44,,
40242,44,,
3992,44,,
16716,44,,
10563,43,,
40123,43,,
40240,43,,
40044,43,,
942,43,,
155,42,,
39147,42,,
398,42,,
4985,42,,
16572,42,,
40783,42,,
897,42,,
135,42,,
825,42,,
7169,42,,
26006,42,,
945,42,,
10956,42,,
157,42,,
40711,42,,
7833,41,,
3896,41,,
337,41,,
14848,41,,
11096,41,,
40115,41,,
882,41,,
947,41,,
29,41,,
10001,41,,
200,40,,
40291,40,,
40720,40,,
40676,40,,
1371,40,,
883,40,,
2679,40,,
40267,40,,
29070,40,,
40099,40,,
22887,40,,
7559,40,,
40591,40,,
950,40,,
722,40,,
930,40,,
7495,40,,
2971,40,,
40141,40,,
332,39,,
915,39,,
7538,39,,
762,39,,
23161,39,,
40686,39,,
40079,39,,
766,39,,
40577,39,,
522,39,,
11653,39,,
917,39,,
806,39,,
29174,38,,
2253,38,,
354,38,,
4873,38,,
894,38,,
802,38,,
951,38,,
40197,38,,
40173,38,,
956,38,,
10041,38,,
29710,37,,
40557,37,,
20443,37,,
66,37,,
273,37,,
6540,37,,
311,37,,
325,37,,
5056,37,,
14859,37,,
40028,37,,
805,36,,
839,36,,
554,36,,
17336,36,,
606,36,,
23163,36,,
658,36,,
29042,36,,
40152,36,,
40051,36,,
29163,36,,
259,36,,
3983,36,,
40136,35,,
40888,35,,
808,35,,
221,35,,
40712,35,,
40756,35,,
584,35,,
21562,35,,
40182,35,,
40618,35,,
8904,35,,
19416,34,,
7779,34,,
760,34,,
21794,34,,
29037,34,,
2696,34,,
860,34,,
703,34,,
864,34,,
26047,34,,
651,34,,
1332,34,,
906,33,,
436,33,,
16722,33,,
217,33,,
446,33,,
586,33,,
373,33,,
40485,33,,
2600,33,,
26,33,,
29700,33,,
40048,33,,
597,33,,
918,33,,
23165,32,,
849,32,,
384,32,,
16131,32,,
40824,32,,
1331,32,,
23915,32,,
40126,32,,
40216,32,,
536,31,,
569,31,,
563,31,,
41144,31,,
23027,31,,
733,31,,
40032,31,,
366,31,,
1764,31,,
683,31,,
14850,31,,
15896,31,,
511,30,,
8523,30,,
509,30,,
420,30,,
1590,30,,
26,30,,
385,30,,
40758,30,,
130,30,,
779,30,,
35850,30,,
26048,30,,
5645,30,,
573,30,,
40890,30,,
12314,30,,
14874,30,,
194,30,,
905,30,,
17756,29,,
23030,29,,
40738,29,,
3210,29,,
5962,29,,
40365,29,,
29018,29,,
600,29,,
19337,29,,
41129,29,,
10732,28,,
12313,28,,
347,28,,
138,28,,
341,28,,
29179,28,,
40019,28,,
585,28,,
541,28,,
278,28,,
25024,28,,
181,28,,
23164,27,,
6273,27,,
8574,27,,
40547,27,,
40345,27,,
10822,27,,
5376,27,,
957,27,,
305,27,,
674,27,,
753,27,,
669,27,,
40461,27,,
422,27,,
507,26,,
26029,26,,
691,26,,
11224,26,,
29175,26,,
623,26,,
3577,26,,
40559,26,,
700,26,,
533,26,,
21435,25,,
7228,25,,
13095,25,,
40586,25,,
40704,25,,
6221,25,,
22470,25,,
27503,25,,
2107,25,,
615,25,,
544,25,,
23627,25,,
832,25,,
2141,25,,
702,24,,
125,24,,
29058,24,,
583,24,,
568,24,,
24,24,,
40790,24,,
41199,24,,
22888,24,,
40436,24,,
40754,24,,
804,23,,
40625,23,,
322,23,,
38765,23,,
715,23,,
8723,23,,
662,23,,
6387,23,,
13573,23,,
1597,23,,
18782,22,,
288,22,,
514,22,,
750,22,,
171,22,,
12302,22,,
40074,22,,
13861,22,,
2488,22,,
39235,21,,
7187,21,,
4031,21,,
11777,21,,
40872,21,,
7329,21,,
321,21,,
9005,21,,
31332,21,,
10769,20,,
12299,20,,
852,20,,
18008,20,,
17277,20,,
797,20,,
32589,20,,
626,20,,
633,20,,
788,20,,
36622,20,,
4095,20,,
40183,19,,
1274,19,,
364,19,,
13570,19,,
41186,19,,
2695,19,,
3078,19,,
14854,19,,
571,19,,
7516,19,,
6003,19,,
22006,19,,
390,18,,
424,18,,
233,18,,
26028,18,,
29728,18,,
296,18,,
5145,18,,
15381,18,,
40201,17,,
33187,17,,
9068,17,,
6073,17,,
346,17,,
566,17,,
10351,17,,
2685,17,,
16569,17,,
460,17,,
22658,17,,
924,16,,
890,16,,
1329,16,,
6388,16,,
5002,16,,
622,16,,
312,16,,
1226,16,,
41162,16,,
28453,15,,
40041,15,,
172,15,,
3626,15,,
22948,15,,
40333,15,,
5077,15,,
2158,15,,
2517,15,,
4029,15,,
7106,15,,
476,15,,
9110,15,,
2557,15,,
20103,15,,
764,15,,
359,14,,
335,14,,
17278,14,,
32727,14,,
5471,14,,
4533,14,,
12030,14,,
38679,14,,
1057,14,,
1599,14,,
1428,14,,
6676,14,,
251,14,,
41142,14,,
11248,14,,
437,14,,
270,14,,
1605,13,,
8014,13,,
10664,13,,
5299,13,,
330,13,,
8,13,,
857,13,,
105,13,,
311,13,,
254,13,,
2605,13,,
6604,13,,
19105,13,,
28938,13,,
10398,13,,
3183,13,,
31069,13,,
57,12,,
11936,12,,
587,12,,
1952,12,,
13890,12,,
1848,12,,
2,12,,
5365,12,,
40480,12,,
580,12,,
20727,12,,
3549,12,,
727,12,,
2721,12,,
988,12,,
3520,12,,
3114,12,,
7574,11,,
40121,11,,
18611,11,,
188,11,,
430,11,,
4544,11,,
9121,11,,
776,11,,
6055,11,,
4879,11,,
15382,11,,
5035,11,,
1365,11,,
11629,11,,
4146,11,,
1120,11,,
2092,11,,
9130,10,,
9010,10,,
20784,10,,
5032,10,,
205,10,,
675,10,,
41156,10,,
2566,10,,
403,10,,
4019,10,,
9084,10,,
7001,10,,
6052,10,,
429,10,,
18884,10,,
690,10,,
10185,10,,
10096,10,,
4869,10,,
354,10,,
2276,10,,
505,10,,
677,10,,
31310,10,,
397,10,,
508,10,,
9127,10,,
4308,10,,
634,10,,
16658,10,,
732,9,,
4025,9,,
5012,9,,
9719,9,,
14106,9,,
5353,9,,
29135,9,,
554,9,,
5013,9,,
9098,9,,
3919,9,,
6488,9,,
11982,9,,
16400,9,,
227,9,,
449,9,,
8998,9,,
6172,9,,
72,9,,
4474,9,,
31587,9,,
367,9,,
3962,9,,
494,9,,
764,9,,
13889,9,,
29828,9,,
9722,9,,
2743,9,,
25879,9,,
1038,9,,
1928,9,,
656,9,,
4271,9,,
11628,9,,
3911,8,,
571,8,,
7002,8,,
4804,8,,
6031,8,,
2166,8,,
1859,8,,
12227,8,,
703,8,,
40198,8,,
13670,8,,
1147,8,,
729,8,,
117,8,,
4079,8,,
6060,8,,
11,8,,
35687,8,,
3430,8,,
41179,8,,
36470,8,,
23061,8,,
3959,8,,
417,8,,
2165,8,,
36212,8,,
12693,8,,
37925,8,,
9107,8,,
4803,7,,
9156,7,,
448,7,,
1257,7,,
3089,7,,
340,7,,
477,7,,
1611,7,,
1881,7,,
9111,7,,
6296,7,,
9017,7,,
35425,7,,
9724,7,,
7009,7,,
21693,7,,
6443,7,,
12134,7,,
2281,7,,
11753,7,,
5320,7,,
1248,7,,
17708,7,,
677,7,,
3651,7,,
521,7,,
712,7,,
668,7,,
17276,7,,
3120,7,,
9075,7,,
9073,7,,
3007,7,,
1157,7,,
12018,7,,
589,7,,
9011,7,,
REST.(FRANC,7,,
10590,7,,
3431,7,,
6078,7,,
10,7,,
3015,7,,
14635,7,,
36014,7,,
1612,7,,
888,7,,
3155,7,,
1873,7,,
11067,7,,
625,7,,
19389,6,,
3907,6,,
9716,6,,
26777,6,,
5978,6,,
777,6,,
36677,6,,
734,6,,
503,6,,
2155,6,,
1422,6,,
30549,6,,
4704,6,,
11335,6,,
215,6,,
3439,6,,
10339,6,,
154,6,,
31819,6,,
2916,6,,
7,6,,
455,6,,
6458,6,,
3195,6,,
279,6,,
14325,6,,
7017,6,,
2417,6,,
383,6,,
418,6,,
20259,6,,
10184,6,,
7855,6,,
208,6,,
17275,6,,
298,6,,
31864,6,,
257,6,,
7699,6,,
212,6,,
10056,6,,
153,6,,
25928,6,,
2390,6,,
11675,6,,
323,6,,
17753,6,,
10987,6,,
25934,6,,
6719,6,,
6050,6,,
108,6,,
747,6,,
3783,6,,
11649,6,,
6056,6,,
884,6,,
4020,6,,
15,6,,
1433,6,,
9133,6,,
22843,6,,
8059,5,,
351,5,,
1030,5,,
4447,5,,
265,5,,
337,5,,
15039,5,,
30894,5,,
2050,5,,
665,5,,
13,5,,
255,5,,
12111,5,,
6638,5,,
4740,5,,
28956,5,,
180,5,,
97,5,,
12294,5,,
34231,5,,
9143,5,,
1934,5,,
20860,5,,
24260,5,,
7533,5,,
713,5,,
9128,5,,
9003,5,,
10927,5,,
2597,5,,
28783,5,,
23622,5,,
17274,5,,
2967,5,,
40658,5,,
25696,5,,
32071,5,,
31491,5,,
36312,5,,
1079,5,,
226,5,,
10140,5,,
17338,5,,
935,5,,
1507,5,,
6020,5,,
2563,5,,
334,5,,
65,5,,
4181,5,,
24905,5,,
27841,5,,
38721,5,,
1285,5,,
54200,5,,
341,5,,
94,5,,
30889,5,,
9004,5,,
476,5,,
23213,5,,
109,5,,
6061,5,,
38360,5,,
2419111,5,,
1720,5,,
40901,5,,
11586,5,,
58,5,,
32164,5,,
1,5,,
131,5,,
10443,5,,
3922,5,,
738,5,,
16012,5,,
5031,5,,
2764,5,,
3354,5,,
1635,5,,
11069,5,,
222,5,,
1519,5,,
4003,5,,
17480,5,,
11461,5,,
32991,5,,
4061,5,,
9237,5,,
3502,5,,
1327,5,,
607,5,,
18842,5,,
12086,5,,
2368,5,,
9120,5,,
579,5,,
219,5,,
5192,5,,
795,5,,
Noerrevold,5,,
25930,5,,
433,5,,
4101,5,,
515,5,,
315,5,,
230,5,,
9148,5,,
6009,5,,
3277,5,,
9066,5,,
39132,4,,
5118,4,,
4534,4,,
325,4,,
666,4,,
9708,4,,
9177,4,,
3,4,,
11681,4,,
1291,4,,
12242,4,,
22290,4,,
1761,4,,
26312,4,,
5894,4,,
4535,4,,
5737,4,,
31239,4,,
869,4,,
427,4,,
9704,4,,
220,4,,
10608,4,,
36155,4,,
1108,4,,
2470948,4,,
93,4,,
11498,4,,
1149,4,,
816,4,,
25929,4,,
36,4,,
416,4,,
1592,4,,
2077,4,,
328,4,,
7278,4,,
319,4,,
312,4,,
38756,4,,
10163,4,,
27650,4,,
7500,4,,
591,4,,
469,4,,
1,4,,
73,4,,
9186,4,,
1476,4,,
24718,4,,
1550,4,,
13822,4,,
23545,4,,
24,4,,
69,4,,
675,4,,
2421846,4,,
6743,4,,
37016,4,,
9002,4,,
6609,4,,
2857,4,,
6038,4,,
39,4,,
1104,4,,
7044,4,,
8463,4,,
36256,4,,
413,4,,
10483,4,,
12329,4,,
1714,4,,
472,4,,
2210,4,,
2906,4,,
10251,4,,
29323,4,,
47,4,,
6954,4,,
553,4,,
2893,4,,
9167,4,,
5040,4,,
11132,4,,
7515,4,,
6129,4,,
26518,4,,
12167,4,,
25931,4,,
9182,4,,
17778,4,,
5342,4,,
168,4,,
549,4,,
2250,4,,
391,4,,
10755,4,,
2418,4,,
28697,4,,
581,4,,
34252,4,,
4563,4,,
33760,4,,
6058,4,,
1949,4,,
28436,4,,
467,4,,
24894,4,,
39441,4,,
1345,4,,
706,4,,
9062,4,,
889,4,,
132,4,,
6289,4,,
4267,4,,
7261,4,,
5014,4,,
6130,4,,
32354,4,,
431,4,,
6030,4,,
4005,4,,
18869,4,,
991,4,,
20598,4,,
4484,4,,
10955,4,,
9785,4,,
4295,4,,
1908,4,,
38466,4,,
518,4,,
81,4,,
4259,4,,
10761,4,,
9016,4,,
606,4,,
14960,4,,
4250,4,,
36114,4,,
38907,4,,
10985,4,,
206,4,,
7550,4,,
27885,4,,
2581,4,,
1555,4,,
2219,3,,
256,3,,
9006,3,,
35417,3,,
11854,3,,
6712,3,,
7026,3,,
10835,3,,
33897,3,,
42,3,,
5208,3,,
10671,3,,
4010,3,,
5169,3,,
7454,3,,
3731,3,,
31047,3,,
31577,3,,
0,3,,
2821,3,,
11,3,,
32342,3,,
1086,3,,
1000,3,,
4917,3,,
3258,3,,
10892,3,,
2224,3,,
17250,3,,
9706,3,,
670,3,,
9015,3,,
3181,3,,
14645,3,,
9078,3,,
3802,3,,
59,3,,
4021,3,,
2972,3,,
5861,3,,
30659,3,,
5624,3,,
9094,3,,
33521,3,,
483,3,,
2889,3,,
6069,3,,
13695,3,,
12525,3,,
1,3,,
2553,3,,
11871,3,,
19340,3,,
292,3,,
5421,3,,
4266,3,,
10772,3,,
12373,3,,
295,3,,
12,3,,
69,3,,
11735,3,,
18159,3,,
17236,3,,
9086,3,,
1492,3,,
14971,3,,
11957,3,,
3745,3,,
11778,3,,
953,3,,
26335,3,,
9367,3,,
12814,3,,
7408,3,,
2357,3,,
10478,3,,
9072,3,,
5,3,,
33976,3,,
2955,3,,
1585,3,,
23623,3,,
4965,3,,
4046,3,,
16,3,,
4376,3,,
18,3,,
9162,3,,
954,3,,
29697,3,,
5956,3,,
14098,3,,
30,3,,
18972,3,,
4494,3,,
28790,3,,
1420,3,,
35362,3,,
3219,3,,
524,3,,
35585,3,,
2968,3,,
33340,3,,
8462,3,,
5410,3,,
667,3,,
2604,3,,
19965,3,,
11411,3,,
3173,3,,
12785,3,,
3918,3,,
4682,3,,
2610,3,,
9108,3,,
26644,3,,
4605,3,,
210,3,,
7285,3,,
651,3,,
2164,3,,
25,3,,
452,3,,
22618,3,,
5065,3,,
74,3,,
5851,3,,
3846,3,,
25647,3,,
396,3,,
2725,3,,
25166,3,,
9051,3,,
15979,3,,
10162,3,,
6904,3,,
6008,3,,
2300,3,,
28772,3,,
5287,3,,
32703,3,,
1548,3,,
289,3,,
13406,3,,
17647,3,,
2446,3,,
3797,3,,
38918,3,,
38,3,,
10214,3,,
1014,3,,
7088,3,,
900,3,,
15795,3,,
1190,3,,
32852,3,,
2911,3,,
10354,3,,
36397,3,,
247,3,,
33216,3,,
793,3,,
30326,3,,
96,3,,
17765,3,,
10697,3,,
348,3,,
9050,3,,
7,3,,
4514,3,,
6148,3,,
6866,3,,
5988,3,,
6044,3,,
12846,3,,
1872,3,,
22708,3,,
12211,3,,
4008,3,,
3112,3,,
9131,3,,
6637,3,,
216,3,,
1942,3,,
2814,3,,
28079,3,,
1103,3,,
2501,3,,
27765,3,,
28390,3,,
32231,3,,
4941,3,,
2693,3,,
6010,3,,
25811,3,,
2392,3,,
25301,3,,
14225,3,,
217,3,,
1759,3,,
118,3,,
3863,3,,
32658,3,,
14685,3,,
593,3,,
902,3,,
5004,3,,
1907,3,,
36053,3,,
1560,3,,
116,3,,
33995,3,,
2421835,3,,
35745,3,,
9106,3,,
23358,3,,
7808,3,,
10029,3,,
14162,3,,
25055,3,,
343,3,,
25463,3,,
6850,3,,
2291,3,,
36835,3,,
33371,3,,
7790,3,,
1419,3,,
10021,3,,
15484,3,,
392,3,,
2071,3,,
75,3,,
821,3,,
9170,3,,
779,3,,
9168,3,,
12182,3,,
411,3,,
21,3,,
15722,3,,
8193,3,,
2093,3,,
2421844,3,,
5892,3,,
11551,3,,
5251,3,,
31643,3,,
10528,3,,
4217,3,,
1135,3,,
20056,3,,
6021,3,,
122,3,,
11410,3,,
11582,3,,
4057,3,,
13568,3,,
34815,3,,
39148,3,,
8461,3,,
25927,3,,
10661,3,,
25283,3,,
9147,3,,
28842,3,,
2159,3,,
4908,3,,
27826,3,,
6027,3,,
5678,3,,
2209,3,,
3920,3,,
2025,3,,
5030,3,,
38631,3,,
700,3,,
20219,3,,
9721,3,,
269,3,,
2274,3,,
31778,3,,
12932,3,,
13379,3,,
12500,3,,
694,3,,
2404,3,,
5673,3,,
7736,3,,
2419097,3,,
12490,3,,
7507,3,,
1533,3,,
10646,3,,
4836,3,,
20104,3,,
3193,3,,
195,3,,
11693,3,,
4083,3,,
39546,3,,
225,3,,
35633,3,,
1073,3,,
3385,2,,
11714,2,,
23178,2,,
1100,2,,
838,2,,
12039,2,,
6430,2,,
7552,2,,
43,2,,
26594,2,,
944,2,,
12000,2,,
453,2,,
2946,2,,
10688,2,,
34197,2,,
33616,2,,
2197,2,,
696,2,,
26427,2,,
13640,2,,
23037,2,,
1088,2,,
537,2,,
26548,2,,
33765,2,,
25700,2,,
11564,2,,
2813,2,,
13169,2,,
17852,2,,
13168,2,,
85,2,,
5385,2,,
6371,2,,
199,2,,
1049,2,,
12506,2,,
2601,2,,
15397,2,,
5388,2,,
12612,2,,
4454,2,,
5240,2,,
5343,2,,
10212,2,,
20275,2,,
731,2,,
7151,2,,
331,2,,
4699,2,,
3588,2,,
202,2,,
17157,2,,
9198,2,,
39347,2,,
36374,2,,
21298,2,,
24998,2,,
136,2,,
513,2,,
3192,2,,
3469,2,,
4929,2,,
6034,2,,
33716,2,,
7119,2,,
9723,2,,
2339,2,,
29,2,,
7593,2,,
4511,2,,
17916,2,,
5127,2,,
26496,2,,
9151,2,,
545,2,,
25899,2,,
5586,2,,
14075,2,,
25466,2,,
454,2,,
79,2,,
1794,2,,
6054,2,,
30270,2,,
7413,2,,
37579,2,,
3393,2,,
1936,2,,
6486,2,,
13859,2,,
14670,2,,
1900,2,,
1137,2,,
10238,2,,
44,2,,
352,2,,
3554,2,,
2149,2,,
3416,2,,
2662,2,,
7502,2,,
4,2,,
5708,2,,
25740,2,,
10092,2,,
33006,2,,
82,2,,
11829,2,,
2419117,2,,
29295,2,,
1343,2,,
9059148,2,,
47,2,,
12179,2,,
2196,2,,
371,2,,
11731,2,,
4520,2,,
5216,2,,
147,2,,
7591,2,,
7473,2,,
7830,2,,
25449,2,,
4027,2,,
2942,2,,
11620,2,,
24948,2,,
2726,2,,
2640,2,,
268,2,,
37264,2,,
2091,2,,
7432,2,,
7021,2,,
36770,2,,
2904,2,,
12087,2,,
9176,2,,
9030,2,,
12682,2,,
4043,2,,
867,2,,
398,2,,
481,2,,
23596,2,,
14500,2,,
36034,2,,
4777,2,,
12402,2,,
1593,2,,
35564,2,,
7243,2,,
4207,2,,
11101,2,,
4456,2,,
5297,2,,
11172,2,,
1066,2,,
5019,2,,
3625,2,,
3027,2,,
698,2,,
41,2,,
15288,2,,
16581,2,,
4322,2,,
33714,2,,
1418,2,,
10459,2,,
17811,2,,
35184,2,,
11036,2,,
2322,2,,
20,2,,
15036,2,,
10191,2,,
14664,2,,
38987,2,,
37663,2,,
14270,2,,
12532,2,,
2067569,2,,
7214,2,,
6131,2,,
24035,2,,
1788,2,,
26,2,,
22352,2,,
9033,2,,
9580,2,,
11232,2,,
135,2,,
26516,2,,
11511,2,,
2615,2,,
33390,2,,
35703,2,,
14334,2,,
5321,2,,
5194,2,,
7085,2,,
1423,2,,
2310,2,,
11789,2,,
10,2,,
4705,2,,
13667,2,,
23267,2,,
11836,2,,
2182,2,,
278,2,,
7520,2,,
10622,2,,
468,2,,
12315,2,,
281,2,,
54,2,,
5500,2,,
327,2,,
3873,2,,
306,2,,
34549,2,,
12100,2,,
5017,2,,
7221,2,,
11418,2,,
5899,2,,
17971,2,,
11491,2,,
702,2,,
11668,2,,
4058,2,,
34947,2,,
408,2,,
174,2,,
7521,2,,
15594,2,,
132,2,,
11533,2,,
11219,2,,
2660,2,,
366,2,,
13124,2,,
6053,2,,
11236,2,,
9718,2,,
9187,2,,
26445,2,,
32181,2,,
9022,2,,
6781,2,,
24999,2,,
11612,2,,
20752,2,,
2002,2,,
2780,2,,
12038,2,,
27810,2,,
4000,2,,
1930,2,,
4004,2,,
11215,2,,
426,2,,
17552,2,,
504,2,,
1159,2,,
3726,2,,
11729,2,,
11263,2,,
14229,2,,
1183,2,,
13888,2,,
6999,2,,
16753,2,,
2602,2,,
4065,2,,
12601,2,,
771,2,,
21765,2,,
11548,2,,
6468,2,,
19065,2,,
26590,2,,
369,2,,
15090,2,,
11904,2,,
15930,2,,
22314,2,,
9164,2,,
4880,2,,
267,2,,
23429,2,,
5979,2,,
19086,2,,
4055,2,,
13762,2,,
12069,2,,
25923,2,,
7041,2,,
2391,2,,
837,2,,
26259,2,,
9014,2,,
34188,2,,
4002,2,,
10288,2,,
5995,2,,
33728,2,,
7225,2,,
402,2,,
17741,2,,
2512,2,,
4346,2,,
1013,2,,
6720,2,,
4458,2,,
9709,2,,
75,2,,
11802,2,,
34940,2,,
4001,2,,
35920,2,,
5314,2,,
4991,2,,
4667,2,,
98,2,,
9101,2,,
716,2,,
4363,2,,
14451,2,,
16151,2,,
1539,2,,
1568,2,,
1846,2,,
9044,2,,
2316,2,,
26642,2,,
31406,2,,
4470,2,,
2999,2,,
26553,2,,
26212,2,,
2130,2,,
1888,2,,
609,2,,
172,2,,
226,2,,
308,2,,
9138,2,,
10983,2,,
179,2,,
6933,2,,
3493,2,,
13927,2,,
5010,2,,
9001,2,,
9070,2,,
5905,2,,
27798,2,,
4327,2,,
4849,2,,
3993,2,,
14372,2,,
10407,2,,
2908,2,,
11748,2,,
3921,2,,
4910,2,,
38,2,,
20084,2,,
31186,2,,
125,2,,
5022,2,,
8849,2,,
5600,2,,
24037,2,,
6390,2,,
45,2,,
13094,2,,
7575,2,,
2902,2,,
2740,2,,
2362,2,,
21768,2,,
10382,2,,
27775,2,,
12956,2,,
4523,2,,
3218,2,,
4675,2,,
4013,2,,
12763,2,,
11522,2,,
796,2,,
3856,2,,
12357,2,,
1310,2,,
11803,2,,
283,2,,
3251,2,,
3687,2,,
2062,2,,
3357,2,,
20901,2,,
14158,2,,
2984,2,,
4074,2,,
7007,2,,
17816,2,,
4047,2,,
907,2,,
15630,2,,
30930,2,,
32871,2,,
4175,2,,
3171,2,,
601,2,,
21712,2,,
31948,2,,
575,2,,
2201,2,,
460,2,,
11162,2,,
8023,2,,
33847,2,,
7535,2,,
9169,2,,
1927,2,,
26824,2,,
1313,2,,
3095,2,,
6000,2,,
2178,2,,
10554,2,,
830,2,,
10627,2,,
4517,2,,
4606,2,,
5209,2,,
33,2,,
6291,2,,
10737,2,,
F 1396,2,,
24554,2,,
5443,2,,
6284,2,,
32221,2,,
7630,2,,
14102,2,,
9109,2,,
10882,2,,
2034,2,,
2606,2,,
9059171,2,,
11702,2,,
9059213,2,,
487,2,,
5196,2,,
3041,2,,
34061,2,,
2715,2,,
393,2,,
13337,2,,
9076,2,,
14447,2,,
91079,2,,
5298,2,,
3761,2,,
25691,2,,
5531,2,,
5211,2,,
2450,2,,
3345,2,,
10781,2,,
15272,2,,
4859,2,,
9132,2,,
66,2,,
6636,2,,
29225,2,,
2913,2,,
18792,2,,
25697,2,,
36244,2,,
11661,2,,
5,2,,
32123,2,,
20147,2,,
9711,2,,
35737,2,,
32475,2,,
17007,2,,
1454,2,,
89,2,,
9705,2,,
4867,2,,
19816,2,,
5024,2,,
5394,2,,
6389,2,,
15999,2,,
18252,2,,
33360,2,,
3763,2,,
11120,2,,
35871,2,,
3612,2,,
39547,2,,
6767,2,,
19080,2,,
13565,2,,
9112,2,,
2702,2,,
9059221,2,,
39144,2,,
33545,2,,
26091,2,,
1657,2,,
52,2,,
22654,2,,
28128,2,,
7166,2,,
4032,2,,
3711,2,,
20113,2,,
10128,2,,
4018,2,,
27889,2,,
21097,2,,
38545,2,,
7291,2,,
9093,2,,
1894,2,,
24722,2,,
6033,2,,
440,2,,
11916,2,,
11680,2,,
33135,2,,
10683,2,,
7046,2,,
71,2,,
5670,2,,
7732,2,,
1361,2,,
6011,2,,
37956,2,,
16832,2,,
816,2,,
517,2,,
9091,2,,
4073,2,,
12641,2,,
10369,2,,
4119,2,,
12924,2,,
3213,2,,
6844,2,,
15151,2,,
9161,2,,
7806,2,,
5001,2,,
785,2,,
4037,2,,
820,2,,
32587,2,,
1069,2,,
7115,2,,
204,2,,
16045,2,,
11607,2,,
12002,2,,
12144,2,,
19591,2,,
6076,2,,
25937,2,,
15635,2,,
4050,2,,
9184,2,,
318,2,,
1082,2,,
4921,2,,
13942,2,,
412,2,,
8072,2,,
7667,2,,
10771,2,,
175,2,,
6871,2,,
9083,2,,
2109,2,,
12116,2,,
9715,2,,
24406,2,,
39550,2,,
7661,2,,
10831,2,,
4028,2,,
2343,1,,
36841,1,,
19148,1,,
23475,1,,
3414,1,,
3776,1,,
20986,1,,
25383,1,,
9117,1,,
7983,1,,
23008,1,,
21463,1,,
10824,1,,
13620,1,,
12025,1,,
4006,1,,
8782,1,,
12273,1,,
11598,1,,
7660,1,,
3782,1,,
34326,1,,
6910,1,,
12734,1,,
26674,1,,
33489,1,,
1453,1,,
1834,1,,
3138,1,,
6660,1,,
34436,1,,
7944,1,,
33972,1,,
17,1,,
711,1,,
2183,1,,
13745,1,,
21376,1,,
163,1,,
10603,1,,
6765,1,,
2842,1,,
316,1,,
11730,1,,
32113,1,,
1491,1,,
54201,1,,
11940,1,,
35516,1,,
13978,1,,
4512,1,,
5230,1,,
127,1,,
1105,1,,
2067603,1,,
17631,1,,
14966,1,,
37,1,,
450,1,,
6615,1,,
3307,1,,
3903,1,,
119,1,,
23521,1,,
21244,1,,
489,1,,
27600,1,,
13854,1,,
33273,1,,
27604,1,,
3746,1,,
1925,1,,
36402,1,,
32777,1,,
6175,1,,
6572,1,,
26608,1,,
7711,1,,
1473,1,,
4060,1,,
3203,1,,
1773,1,,
6,1,,
1465,1,,
37700,1,,
12915,1,,
27224,1,,
1992,1,,
39537,1,,
23584,1,,
503,1,,
6771,1,,
1264,1,,
7508,1,,
10270,1,,
11863,1,,
26916,1,,
32674,1,,
18895,1,,
37453,1,,
6925,1,,
10371,1,,
31893,1,,
302645,1,,
10757,1,,
241,1,,
276,1,,
4103,1,,
49,1,,
19076,1,,
1897,1,,
16923,1,,
7690,1,,
7232,1,,
32787,1,,
9090,1,,
25100,1,,
6154,1,,
1182,1,,
886,1,,
2111,1,,
1791,1,,
221102,1,,
1163,1,,
3892,1,,
973840,1,,
11351,1,,
479,1,,
9077,1,,
4889,1,,
26334,1,,
1376,1,,
374024,1,,
11194,1,,
14896,1,,
5085,1,,
7939,1,,
18003,1,,
26074,1,,
12963,1,,
7940,1,,
6013,1,,
12080,1,,
5458,1,,
338,1,,
2228,1,,
6439,1,,
36342,1,,
11872,1,,
8285,1,,
6452,1,,
21301,1,,
7595,1,,
7965,1,,
11657,1,,
2709,1,,
1099,1,,
4337,1,,
33774,1,,
5532,1,,
HK 283,1,,
10102,1,,
6693,1,,
10749,1,,
442114,1,,
23614,1,,
10248,1,,
33673,1,,
574,1,,
7784,1,,
3330,1,,
11666,1,,
20757,1,,
7056,1,,
1433,1,,
499,1,,
5611,1,,
4595114,1,,
4951,1,,
137,1,,
7016,1,,
10424,1,,
16935,1,,
56,1,,
10877,1,,
23016,1,,
4439,1,,
16243,1,,
484,1,,
29339,1,,
33662,1,,
9728,1,,
35874,1,,
32851,1,,
39477,1,,
28953,1,,
23755,1,,
1461,1,,
33575,1,,
3654,1,,
21,1,,
6621,1,,
3813,1,,
20,1,,
7013,1,,
22234,1,,
11542,1,,
25025,1,,
2914,1,,
10456,1,,
13722,1,,
7218,1,,
7077,1,,
10051,1,,
7230,1,,
18176,1,,
5,1,,
31576,1,,
12981,1,,
20824,1,,
892,1,,
4593,1,,
11328,1,,
1512,1,,
7871,1,,
475,1,,
5932,1,,
4354,1,,
4224,1,,
20783,1,,
7863,1,,
921223,1,,
39,1,,
2039,1,,
5741,1,,
12246,1,,
6592,1,,
13283,1,,
31710,1,,
31248,1,,
4940,1,,
934,1,,
37973,1,,
2778,1,,
9034,1,,
4805,1,,
14767,1,,
4056,1,,
11049,1,,
21187,1,,
35,1,,
1742,1,,
1472,1,,
14295,1,,
1672,1,,
12260,1,,
39324,1,,
4874,1,,
31617,1,,
3621,1,,
27565,1,,
347,1,,
729,1,,
12143,1,,
11015,1,,
7124,1,,
1866,1,,
36566,1,,
13600,1,,
336,1,,
542,1,,
472,1,,
950780,1,,
24901,1,,
9732,1,,
5266,1,,
14210,1,,
652,1,,
24695,1,,
911,1,,
10537,1,,
342,1,,
5877,1,,
10265,1,,
22008,1,,
18901,1,,
4421,1,,
21204,1,,
5656,1,,
30142,1,,
1162,1,,
16327,1,,
25706,1,,
15834,1,,
19089,1,,
21664,1,,
17240,1,,
2110,1,,
19852,1,,
6405,1,,
28530,1,,
12519,1,,
11392,1,,
10751,1,,
272,1,,
24103,1,,
111,1,,
33459,1,,
5714,1,,
996,1,,
964,1,,
27664,1,,
12613,1,,
34006,1,,
13877,1,,
12201,1,,
890,1,,
26413,1,,
985,1,,
560,1,,
16759,1,,
5681,1,,
2088,1,,
6961,1,,
12046,1,,
1125,1,,
16270,1,,
11369,1,,
1911,1,,
6006,1,,
12222,1,,
12011,1,,
54,1,,
8968,1,,
3835,1,,
935,1,,
259,1,,
13394,1,,
15846,1,,
12634,1,,
39146,1,,
1464,1,,
12811,1,,
7499,1,,
4009,1,,
1653,1,,
23491,1,,
17490,1,,
11696,1,,
19082,1,,
794,1,,
1378,1,,
25736,1,,
24235,1,,
6658,1,,
22659,1,,
604,1,,
3318,1,,
7087,1,,
1315,1,,
41,1,,
26924,1,,
37679,1,,
83,1,,
17185,1,,
6400,1,,
221,1,,
623,1,,
10758,1,,
4566,1,,
39717,1,,
7082,1,,
31281,1,,
6017,1,,
1821,1,,
38024,1,,
20871,1,,
18030,1,,
16261,1,,
10045,1,,
12538,1,,
950179,1,,
3670,1,,
775,1,,
4052,1,,
32709,1,,
11192,1,,
6200,1,,
2534,1,,
1162,1,,
424,1,,
905055,1,,
4226,1,,
3658,1,,
15807,1,,
28,1,,
32193,1,,
13141,1,,
20421,1,,
5461,1,,
4573,1,,
5546,1,,
1004,1,,
37196,1,,
3879,1,,
27121,1,,
435,1,,
11884,1,,
17773,1,,
28696,1,,
15170,1,,
5646,1,,
10533,1,,
6334,1,,
246,1,,
25164,1,,
5391,1,,
25500,1,,
3848,1,,
2936,1,,
5034,1,,
6381,1,,
17425,1,,
9379,1,,
25758,1,,
20917,1,,
1122,1,,
138107,1,,
21505,1,,
4702,1,,
31024,1,,
1307,1,,
688424,1,,
17731,1,,
5068,1,,
20005,1,,
916,1,,
2043,1,,
8739,1,,
6361,1,,
1542,1,,
11565,1,,
10008,1,,
19195,1,,
33325,1,,
10033,1,,
5628,1,,
5426,1,,
976,1,,
9136,1,,
4956,1,,
166,1,,
156,1,,
1406,1,,
2495,1,,
121,1,,
1917,1,,
34841,1,,
6973,1,,
6688,1,,
467263,1,,
7253,1,,
5338,1,,
16329,1,,
8035,1,,
18377,1,,
1350,1,,
4779,1,,
8069,1,,
685,1,,
8015,1,,
1781,1,,
11181,1,,
11918,1,,
21500,1,,
19509,1,,
316,1,,
25486,1,,
1150,1,,
1729,1,,
9369,1,,
1220,1,,
12420,1,,
975,1,,
6118,1,,
2056,1,,
6436,1,,
712365,1,,
11670,1,,
4483,1,,
35296,1,,
18667,1,,
22646,1,,
1595,1,,
12572,1,,
1424,1,,
2342,1,,
5929,1,,
19831,1,,
6,1,,
33222,1,,
31749,1,,
1296,1,,
31322,1,,
18922,1,,
5020,1,,
346,1,,
290,1,,
2083364,1,,
5740,1,,
34695,1,,
14461,1,,
5697,1,,
13930,1,,
486,1,,
4944,1,,
186,1,,
1502,1,,
17 . 87,1,,
871,1,,
11828,1,,
22,1,,
29821,1,,
34529,1,,
27354,1,,
11055,1,,
24584,1,,
142799,1,,
17810,1,,
369,1,,
7273,1,,
10448,1,,
293,1,,
7015,1,,
1337,1,,
1460,1,,
21397,1,,
4958,1,,
33129,1,,
26128,1,,
1785,1,,
4063,1,,
33114,1,,
5101,1,,
10436,1,,
18029,1,,
349,1,,
3090,1,,
55,1,,
27444,1,,
12266,1,,
24444,1,,
39506,1,,
22571,1,,
24270,1,,
916,1,,
2103,1,,
420,1,,
7059,1,,
739,1,,
1824,1,,
12104,1,,
39097,1,,
321,1,,
4039,1,,
10099,1,,
11769,1,,
31944,1,,
6668,1,,
1386,1,,
3204,1,,
36779,1,,
123,1,,
13812,1,,
8 . 56,1,,
2288,1,,
300,1,,
11064,1,,
344,1,,
1243,1,,
487,1,,
956,1,,
7053,1,,
20060,1,,
16552,1,,
244,1,,
7514,1,,
22942,1,,
13457,1,,
28784,1,,
520,1,,
955030,1,,
28723,1,,
1045,1,,
34203,1,,
30695,1,,
9031,1,,
19272,1,,
350,1,,
6347,1,,
301,1,,
31014,1,,
2565,1,,
5896,1,,
7066,1,,
6048,1,,
14097,1,,
1446,1,,
4619,1,,
11941,1,,
32586,1,,
23144,1,,
34469,1,,
7765,1,,
19386,1,,
4572,1,,
22982,1,,
1660,1,,
4738,1,,
5029,1,,
39048,1,,
24206,1,,
7686,1,,
1500,1,,
369,1,,
59,1,,
35329,1,,
426,1,,
4493,1,,
16040,1,,
10160,1,,
33670,1,,
384810,1,,
4970,1,,
303,1,,
23633,1,,
13318,1,,
2202,1,,
22201,1,,
3398,1,,
7610,1,,
4100,1,,
35939,1,,
1325,1,,
4975,1,,
12282,1,,
2067591,1,,
25831,1,,
35658,1,,
11525,1,,
361,1,,
35803,1,,
22135,1,,
270,1,,
8048,1,,
33596,1,,
37718,1,,
32214,1,,
54179,1,,
10069,1,,
23327,1,,
24322,1,,
23392,1,,
14434,1,,
496,1,,
1708,1,,
12714,1,,
11852,1,,
5335,1,,
3350,1,,
5727,1,,
32645,1,,
5171,1,,
15146,1,,
7005,1,,
2642,1,,
4394,1,,
6963,1,,
11163,1,,
1316,1,,
5054,1,,
2030,1,,
463,1,,
9067,1,,
9000,1,,
1250,1,,
13036,1,,
723833,1,,
1214,1,,
11078,1,,
4595110,1,,
4077,1,,
4017,1,,
7949,1,,
484,1,,
23594,1,,
2018,1,,
7985,1,,
1362,1,,
322,1,,
6529,1,,
1353,1,,
1027,1,,
17010,1,,
1483,1,,
20283,1,,
4688,1,,
4078,1,,
12230,1,,
11663,1,,
961,1,,
24113,1,,
21800,1,,
23481,1,,
1178,1,,
2907,1,,
3850,1,,
7446,1,,
4909,1,,
10950,1,,
7991,1,,
8453,1,,
1445,1,,
17690,1,,
20085,1,,
6431,1,,
10327,1,,
353,1,,
4650,1,,
17,1,,
7887,1,,
6902,1,,
10254,1,,
735,1,,
6036,1,,
1638,1,,
4935,1,,
9717,1,,
316,1,,
4969,1,,
4612,1,,
7461,1,,
18408,1,,
35919,1,,
3750,1,,
2057,1,,
8044,1,,
6770,1,,
6975,1,,
2980,1,,
6840,1,,
7165,1,,
20236,1,,
11804,1,,
23555,1,,
17892,1,,
12280,1,,
777,1,,
29811,1,,
2402884,1,,
6195,1,,
21854,1,,
7474,1,,
6247,1,,
629,1,,
12396,1,,
10230,1,,
14593,1,,
4934,1,,
784,1,,
761,1,,
4496,1,,
5731,1,,
32681,1,,
235,1,,
33080,1,,
6711,1,,
21201,1,,
10738,1,,
10146,1,,
2367,1,,
11727,1,,
31444,1,,
568,1,,
9074,1,,
27,1,,
37287,1,,
31333,1,,
912,1,,
843862,1,,
15712,1,,
164203,1,,
5316,1,,
6,1,,
5006,1,,
4794,1,,
39370,1,,
2424,1,,
29380,1,,
320,1,,
27663,1,,
13853,1,,
10729,1,,
34939,1,,
3564,1,,
18298,1,,
7658,1,,
7966,1,,
33324,1,,
7030,1,,
608,1,,
2065,1,,
7930,1,,
17555,1,,
3545,1,,
32439,1,,
6569,1,,
5000,1,,
25330,1,,
15250,1,,
35416,1,,
3961,1,,
9103,1,,
2028,1,,
5027,1,,
16834,1,,
2887,1,,
2108,1,,
43,1,,
1298,1,,
7698,1,,
8208,1,,
18160,1,,
19910,1,,
474,1,,
9166,1,,
77,1,,
5791,1,,
862135,1,,
23311,1,,
4431,1,,
1716,1,,
23670,1,,
20575,1,,
37702,1,,
13418,1,,
2787,1,,
6832,1,,
13366,1,,
11446,1,,
6683,1,,
1737,1,,
2180,1,,
15472,1,,
10862,1,,
5738,1,,
35855,1,,
282,1,,
11492,1,,
255,1,,
25824,1,,
4375,1,,
12375,1,,
35038,1,,
3784,1,,
13328,1,,
44313,1,,
29868,1,,
1361,1,,
4104,1,,
35402,1,,
10982,1,,
8259,1,,
50,1,,
6352,1,,
37954,1,,
12221,1,,
760,1,,
32310,1,,
33272,1,,
7754,1,,
2239,1,,
3415,1,,
12209,1,,
37876,1,,
1531,1,,
9023,1,,
20706,1,,
F 70,1,,
2594,1,,
24707,1,,
17738,1,,
3137,1,,
3487,1,,
5812,1,,
22381,1,,
10894,1,,
11377,1,,
780,1,,
11844,1,,
5900,1,,
1636,1,,
950865,1,,
24051,1,,
5577,1,,
6603,1,,
14063,1,,
11430,1,,
23438,1,,
5674,1,,
29261,1,,
507,1,,
4362,1,,
12412,1,,
54,1,,
9207,1,,
2912,1,,
1619,1,,
3928,1,,
36225,1,,
11041,1,,
24635,1,,
3637,1,,
4199,1,,
416,1,,
4876,1,,
4815,1,,
7111,1,,
11029,1,,
18603,1,,
18950,1,,
7650,1,,
54189,1,,
1007,1,,
785,1,,
11534,1,,
17859,1,,
2270,1,,
2833,1,,
3094,1,,
12252,1,,
36102,1,,
24345,1,,
34406,1,,
7582,1,,
10836,1,,
7078,1,,
27439,1,,
2104,1,,
736,1,,
289,1,,
2686,1,,
6081,1,,
5863,1,,
17564,1,,
12958,1,,
34743,1,,
31423,1,,
6535,1,,
29838,1,,
12360,1,,
13555,1,,
2044,1,,
21501,1,,
19,1,,
6830,1,,
17883,1,,
53,1,,
23303,1,,
14060,1,,
35374,1,,
4793,1,,
12464,1,,
3766,1,,
32753,1,,
32,1,,
4556,1,,
7029,1,,
4638,1,,
3059,1,,
33166,1,,
3592,1,,
7453,1,,
910,1,,
20177,1,,
2459,1,,
13001,1,,
13781,1,,
5005,1,,
19866,1,,
3474,1,,
9082,1,,
3358,1,,
15350,1,,
7468,1,,
27008,1,,
4635,1,,
10252,1,,
14307,1,,
4183,1,,
5799,1,,
13841,1,,
33153,1,,
6018,1,,
6705,1,,
35966,1,,
37303,1,,
26722,1,,
23510,1,,
17342,1,,
25,1,,
302,1,,
6183,1,,
22787,1,,
9059098,1,,
6046,1,,
33176,1,,
2548,1,,
9726,1,,
1230,1,,
9113,1,,
11559,1,,
12297,1,,
9236,1,,
2304,1,,
2665,1,,
761,1,,
11679,1,,
3543,1,,
7780,1,,
273,1,,
11234,1,,
831,1,,
25273,1,,
4248011,1,,
6545,1,,
10250,1,,
846,1,,
11279,1,,
24487,1,,
36313,1,,
3631,1,,
2755,1,,
16,1,,
9713,1,,
892,1,,
4265,1,,
5804,1,,
29632,1,,
20876,1,,
4022,1,,
370,1,,
6926,1,,
35497,1,,
36029,1,,
4453,1,,
13725,1,,
23787,1,,
2319,1,,
5787,1,,
609,1,,
11847,1,,
675023,1,,
5764,1,,
2313,1,,
126,1,,
7076,1,,
27834,1,,
26825,1,,
4030,1,,
19282,1,,
20382,1,,
444,1,,
13643,1,,
3447,1,,
5174,1,,
13058,1,,
6483,1,,
35617,1,,
23156,1,,
7159,1,,
31761,1,,
32610,1,,
285,1,,
7731,1,,
3030,1,,
23758,1,,
13064,1,,
21,1,,
7277,1,,
80653,1,,
345,1,,
7131,1,,
17332,1,,
33275,1,,
6446,1,,
768,1,,
11063,1,,
6,1,,
2016,1,,
78,1,,
7648,1,,
14581,1,,
23763,1,,
274,1,,
23396,1,,
2121,1,,
1192,1,,
434,1,,
5936,1,,
213,1,,
10517,1,,
13648,1,,
1218,1,,
10260,1,,
3082,1,,
154,1,,
11550,1,,
29195,1,,
17547,1,,
50,1,,
1283,1,,
3613,1,,
35243,1,,
27201,1,,
5957,1,,
7299,1,,
20522,1,,
29735,1,,
13405,1,,
11711,1,,
8061,1,,
1156,1,,
37565,1,,
2053,1,,
789,1,,
11478,1,,
4233,1,,
1279,1,,
6310,1,,
7554,1,,
27721,1,,
29631,1,,
38072,1,,
30736,1,,
10204,1,,
35215,1,,
22198,1,,
7104,1,,
36148,1,,
353185,1,,
13375,1,,
25118,1,,
5023,1,,
23299,1,,
1566,1,,
6037,1,,
3152,1,,
27351,1,,
11245,1,,
124,1,,
11089,1,,
3972,1,,
11164,1,,
6539,1,,
8027,1,,
5790,1,,
1762,1,,
986611,1,,
256308,1,,
15546,1,,
26482,1,,
11190,1,,
12655,1,,
7542,1,,
3681,1,,
13805,1,,
7004,1,,
6216,1,,
7741,1,,
31928,1,,
7024,1,,
5606,1,,
55,1,,
25652,1,,
1864,1,,
17563,1,,
11185,1,,
4369,1,,
6243,1,,
23817,1,,
348,1,,
10928,1,,
3803,1,,
36399,1,,
31461,1,,
10318,1,,
1661,1,,
3154,1,,
1394,1,,
305,1,,
4179,1,,
23441,1,,
4044,1,,
7050,1,,
1355,1,,
1080,1,,
5638,1,,
299,1,,
31485,1,,
3944,1,,
11934,1,,
1621,1,,
5515,1,,
724,1,,
23781,1,,
34961,1,,
3091,1,,
23194,1,,
1466,1,,
1776,1,,
4865,1,,
28014,1,,
12658,1,,
31,1,,
12233,1,,
3674,1,,
1375,1,,
18112,1,,
31789,1,,
15236,1,,
6564,1,,
1814,1,,
80,1,,
7036,1,,
13589,1,,
12751,1,,
14936,1,,
2161,1,,
20918,1,,
32876,1,,
12020,1,,
11555,1,,
482,1,,
1639,1,,
3250,1,,
13944,1,,
3857,1,,
13536,1,,
5292,1,,
12047,1,,
12321,1,,
2628,1,,
7989,1,,
36094,1,,
14997,1,,
1194,1,,
9009,1,,
14679,1,,
27696,1,,
13651,1,,
18799,1,,
27525,1,,
12325,1,,
3293,1,,
24646,1,,
5853,1,,
13461,1,,
524,1,,
2926,1,,
7295,1,,
8030,1,,
2223,1,,
11719,1,,
35456,1,,
6218,1,,
5762,1,,
10735,1,,
13838,1,,
36492,1,,
4116,1,,
11889,1,,
1598,1,,
1205,1,,
22657,1,,
17594,1,,
35179,1,,
10849,1,,
4595117,1,,
38520,1,,
9013,1,,
5346,1,,
11142,1,,
36804,1,,
17291,1,,
14425,1,,
26517,1,,
7691,1,,
5501,1,,
34796,1,,
14499,1,,
3086,1,,
35775,1,,
7876,1,,
1553,1,,
638540,1,,
2929,1,,
26250,1,,
1114,1,,
2918,1,,
11316,1,,
2144,1,,
7121,1,,
5395,1,,
17465,1,,
2350,1,,
613,1,,
13569,1,,
14547,1,,
17875,1,,
4373,1,,
3793,1,,
11931,1,,
14296,1,,
5235,1,,
12565,1,,
26160,1,,
7951,1,,
1101,1,,
1339,1,,
28414,1,,
9712,1,,
1115,1,,
36213,1,,
11177,1,,
1564,1,,
16133,1,,
1373,1,,
10515,1,,
39434,1,,
11075,1,,
20090,1,,
22,1,,
35723,1,,
32884,1,,
4589,1,,
1697,1,,
7464,1,,
7532,1,,
14957,1,,
22667,1,,
6647,1,,
25290,1,,
287,1,,
25534,1,,
13085,1,,
16312,1,,
10319,1,,
13765,1,,
19606,1,,
6125,1,,
16884,1,,
2272,1,,
1279,1,,
7156,1,,
3065,1,,
14204,1,,
27549,1,,
4716,1,,
27923,1,,
20,1,,
7201,1,,
3769,1,,
23664,1,,
5241,1,,
10074,1,,
1213,1,,
64,1,,
19470,1,,
28413,1,,
35714,1,,
13403,1,,
23318,1,,
21058,1,,
4396,1,,
4042,1,,
1775,1,,
F 24399,1,,
36156,1,,
21132,1,,
4440,1,,
41,1,,
5090,1,,
25184,1,,
24570,1,,
280,1,,
37692,1,,
8,1,,
5997,1,,
1978,1,,
38997,1,,
2765,1,,
25680,1,,
2900,1,,
21851,1,,
11458,1,,
37030,1,,
17443,1,,
31994,1,,
6763,1,,
309,1,,
1439,1,,
4034,1,,
36814,1,,
2840,1,,
31379,1,,
8084,1,,
1987,1,,
947,1,,
6123,1,,
9150,1,,
13825,1,,
3084,1,,
12847,1,,
21383,1,,
201,1,,
2497,1,,
3606,1,,
11085,1,,
9152,1,,
2396,1,,
27512,1,,
2987,1,,
13132,1,,
22086,1,,
23307,1,,
32517,1,,
17997,1,,
2294,1,,
9129,1,,
2903,1,,
3956,1,,
11095,1,,
12082,1,,
10222,1,,
10138,1,,
35869,1,,
689,1,,
1890,1,,
1723,1,,
975,1,,
2923,1,,
9102,1,,
380,1,,
2652,1,,
866,1,,
5990,1,,
17662,1,,
10837,1,,
98,1,,
1718,1,,
6024,1,,
37235,1,,
4014,1,,
9174,1,,
26411,1,,
209,1,,
14708,1,,
2867,1,,
951173,1,,
25849,1,,
647,1,,
23689,1,,
262,1,,
10579,1,,
2287,1,,
1933,1,,
9122,1,,
29689,1,,
1260,1,,
2712,1,,
6949,1,,
5801,1,,
23659,1,,
4845,1,,
665,1,,
1140,1,,
1376,1,,
24659,1,,
32831,1,,
5473,1,,
17705,1,,
5128,1,,
11780,1,,
927,1,,
4830,1,,
20165,1,,
162,1,,
36186,1,,
240,1,,
36912,1,,
25933,1,,
1841,1,,
4227,1,,
1081,1,,
563,1,,
6112,1,,
15921,1,,
613,1,,
11026,1,,
32609,1,,
5517,1,,
1413,1,,
19044,1,,
10491,1,,
10680,1,,
11364,1,,
22074,1,,
5176,1,,
21647,1,,
4720,1,,
32605,1,,
5387,1,,
2502,1,,
12479,1,,
11332,1,,
7231,1,,
8212,1,,
8884,1,,
7412,1,,
5845,1,,
10826,1,,
7379,1,,
893,1,,
468,1,,
12225,1,,
16379,1,,
25162,1,,
31820,1,,
4790,1,,
34598,1,,
1530,1,,
28199,1,,
3809,1,,
4545,1,,
17014,1,,
5021,1,,
7140,1,,
34937,1,,
6837,1,,
224180,1,,
1070,1,,
1868,1,,
29882,1,,
812,1,,
5659,1,,
875,1,,
2079,1,,
1795,1,,
17199,1,,
15714,1,,
4707,1,,
9032,1,,
1682,1,,
2251,1,,
32041,1,,
11068,1,,
34609,1,,
5919,1,,
32332,1,,
14416,1,,
12171,1,,
6090,1,,
28059,1,,
15023,1,,
25936,1,,
491,1,,
37117,1,,
13471,1,,
10367,1,,
885,1,,
22032,1,,
F 11750,1,,
1322,1,,
11010,1,,
4351796,1,,
6774,1,,
446,1,,
12088,1,,
25720,1,,
6019,1,,
7485,1,,
12869,1,,
27968,1,,
33806,1,,
5149,1,,
55,1,,
4,1,,
5688,1,,
3085,1,,
14217,1,,
7704,1,,
1770,1,,
3264,1,,
25733,1,,
24077,1,,
30461,1,,
7689,1,,
7397,1,,
4623,1,,
31056,1,,
4011,1,,
6512,1,,
5405,1,,
5441,1,,
27760,1,,
6253,1,,
559,1,,
11630,1,,
4112,1,,
1683,1,,
37852,1,,
2264,1,,
355,1,,
480,1,,
1486,1,,
6860,1,,
284,1,,
2267,1,,
10986,1,,
30338,1,,
12195,1,,
5358,1,,
39386,1,,
30769,1,,
12289,1,,
22347,1,,
7382,1,,
4230,1,,
11312,1,,
653,1,,
5805,1,,
3286,1,,
438,1,,
28762,1,,
11414,1,,
726,1,,
2221,1,,
6978,1,,
23366,1,,
10413,1,,
7333,1,,
26545,1,,
12037,1,,
5,1,,
2493634,1,,
25813,1,,
10016,1,,
21835,1,,
5237,1,,
2402779,1,,
36569,1,,
1444,1,,
965,1,,
4844,1,,
18290,1,,
6653,1,,
309,1,,
10245,1,,
11325,1,,
506,1,,
2067617,1,,
2861,1,,
10625,1,,
10267,1,,
5823,1,,
22114,1,,
10816,1,,
7266,1,,
14406,1,,
3709,1,,
15449,1,,
601,1,,
12386,1,,
7062,1,,
1478,1,,
349,1,,
25738,1,,
533,1,,
32084,1,,
25953,1,,
6825,1,,
34862,1,,
19956,1,,
14641,1,,
17554,1,,
11105,1,,
31931,1,,
5736,1,,
14,1,,
23402,1,,
12238,1,,
4,1,,
2974807,1,,
2305,1,,
3491,1,,
4035,1,,
32752,1,,
31872,1,,
19491,1,,
20050,1,,
1235,1,,
1679,1,,
33412,1,,
1823,1,,
6022,1,,
548,1,,
4952,1,,
6016,1,,
6325,1,,
711117,1,,
12494,1,,
14154,1,,
7897,1,,
28288,1,,
6026,1,,
1379,1,,
3529,1,,
2737,1,,
36398,1,,
31442,1,,
12042,1,,
25828,1,,
4781,1,,
2478,1,,
11917,1,,
11972,1,,
21142,1,,
626,1,,
987,1,,
7304,1,,
14,1,,
17677,1,,
218,1,,
34154,1,,
6630,1,,
313,1,,
19871,1,,
11227,1,,
23556,1,,
15173,1,,
9021,1,,
17445,1,,
27545,1,,
37008,1,,
Villagio,1,,
6981,1,,
11376,1,,
13556,1,,
5437,1,,
10765,1,,
2402891,1,,
27434,1,,
10377,1,,
11935,1,,
1527,1,,
87,1,,
25467,1,,
7995,1,,
35857,1,,
5233,1,,
1870,1,,
7675,1,,
10200,1,,
1867,1,,
12341,1,,
10686,1,,
5548,1,,
16426,1,,
6450,1,,
2901,1,,
8449,1,,
23,1,,
1123,1,,
297,1,,
2026,1,,
14328,1,,
3421,1,,
7347,1,,
31426,1,,
2603,1,,
36310,1,,
5883,1,,
35178,1,,
15315,1,,
8127,1,,
3812,1,,
5599,1,,
1874,1,,
351,1,,
15844,1,,
4053,1,,
4800,1,,
3184,1,,
12207,1,,
17806,1,,
7816,1,,
17115,1,,
44,1,,
27262,1,,
14630,1,,
4662,1,,
3217,1,,
21583,1,,
4012,1,,
35749,1,,
11509,1,,
35988,1,,
18910,1,,
7594,1,,
9057,1,,
556,1,,
4167,1,,
6789,1,,
14749,1,,
7460,1,,
36482,1,,
757,1,,
21331,1,,
13080,1,,
8070,1,,
23009,1,,
7369,1,,
17694,1,,
8031,1,,
1596,1,,
37029,1,,
14351,1,,
11058,1,,
31338,1,,
717567,1,,
6639,1,,
415,1,,
214,1,,
10496,1,,
7105,1,,
11919,1,,
26463,1,,
1115,1,,
264,1,,
12744,1,,
5687,1,,
13372,1,,
611,1,,
23721,1,,
12660,1,,
745,1,,
2011,1,,
2976,1,,
4971,1,,
18,1,,
6941,1,,
31757,1,,
6749,1,,
6286,1,,
2292,1,,
39639,1,,
11153,1,,
3425,1,,
1608,1,,
5361,1,,
4090,1,,
36792,1,,
7336,1,,
7787,1,,
11873,1,,
11090,1,,
9059,1,,
948,1,,
56,1,,
3128,1,,
4839,1,,
1173,1,,
12414,1,,
6380,1,,
3067,1,,
6041,1,,
101310,1,,
7042,1,,
SPINNEYS.DXB,1,,
15273,1,,
20480,1,,
11794,1,,
4846,1,,
1246,1,,
4023,1,,
341351,1,,
2738,1,,
6678,1,,
4592,1,,
5509,1,,
836,1,,
133,1,,
13371,1,,
1033,1,,
1039,1,,
11963,1,,
18091,1,,
4201409,1,,
8131,1,,
37082,1,,
13880,1,,
394,1,,
13848,1,,
2552,1,,
35879,1,,
13139,1,,